{"true_pred_pressure": {"_type": "image-file", "sha256": "b9945e16bdb8ddf26c947be0d3c0628811cb445fda2b7a0ab8f47f801bb0bac2", "size": 92677, "path": "media/images/true_pred_pressure_18_b9945e16bdb8ddf26c94.png", "format": "png", "width": 1080, "height": 864}, "epoch": 149, "_timestamp": 1678258117.3237991, "_runtime": 929.7967011928558, "_step": 19, "val_loss": 0.003346928395330906, "train_loss": 0.0026353918947279453, "val_rel_error_pt": 7.546577602624893, "val_indiv_rel_error_pt": {"_type": "histogram", "values": [34, 82, 125, 145, 119, 88, 81, 58, 40, 44, 21, 21, 13, 14, 6, 5, 4, 3, 2, 4, 6, 0, 0, 2, 0, 0, 2, 0, 1, 0, 0, 2], "bins": [3.7506320476531982, 4.421954154968262, 5.093276500701904, 5.764598846435547, 6.4359211921691895, 7.107243537902832, 7.778565883636475, 8.449888229370117, 9.121211051940918, 9.792532920837402, 10.463855743408203, 11.135177612304688, 11.806499481201172, 12.477822303771973, 13.149144172668457, 13.820466995239258, 14.491788864135742, 15.163111686706543, 15.834433555603027, 16.505756378173828, 17.177078247070312, 17.848400115966797, 18.519723892211914, 19.1910457611084, 19.862367630004883, 20.533689498901367, 21.205013275146484, 21.87633514404297, 22.547657012939453, 23.218978881835938, 23.890302658081055, 24.56162452697754, 25.232946395874023]}, "_wandb": {"runtime": 929}}