{"true_pred_pressure": {"_type": "image-file", "sha256": "2769f4ab924c91702f5a7763ef2aeb6d20153cad75bde706d9847ec7990b2582", "size": 92275, "path": "media/images/true_pred_pressure_18_2769f4ab924c91702f5a.png", "format": "png", "width": 1080, "height": 864}, "epoch": 149, "_timestamp": 1678244935.306964, "_runtime": 273.2126519680023, "_step": 19, "val_loss": 0.0024582180194556713, "train_loss": 0.002202285686507821, "val_rel_error_pt": 6.44368901848793, "_wandb": {"runtime": 272}}