{"true_pred_pressure": {"_type": "image-file", "sha256": "b711fc25898d0a5563e1d28df1a76347ab124b57cf2cc34eb4ee79305a9a0595", "size": 93420, "path": "media/images/true_pred_pressure_18_b711fc25898d0a5563e1.png", "format": "png", "width": 1080, "height": 864}, "epoch": 149, "_timestamp": 1678255933.196573, "_runtime": 259.485995054245, "_step": 19, "val_loss": 0.00251343147829175, "train_loss": 0.002101694233715534, "val_rel_error_pt": 6.536157429218292, "val_indiv_rel_error_pt": {"_type": "histogram", "values": [20, 64, 154, 173, 134, 72, 75, 53, 30, 28, 28, 15, 11, 13, 9, 8, 11, 6, 3, 3, 3, 0, 0, 1, 1, 1, 1, 2, 1, 0, 1, 1], "bins": [3.4335150718688965, 3.9789130687713623, 4.524311065673828, 5.069709300994873, 5.615107536315918, 6.160505294799805, 6.70590353012085, 7.2513017654418945, 7.796699523925781, 8.342097282409668, 8.887495994567871, 9.432893753051758, 9.978291511535645, 10.523690223693848, 11.069087982177734, 11.614485740661621, 12.159884452819824, 12.705282211303711, 13.250679969787598, 13.7960786819458, 14.341476440429688, 14.886874198913574, 15.432272911071777, 15.977670669555664, 16.523069381713867, 17.068466186523438, 17.61386489868164, 18.159263610839844, 18.704660415649414, 19.250059127807617, 19.79545783996582, 20.34085464477539, 20.886253356933594]}, "_wandb": {"runtime": 259}}