{"true_pred_pressure": {"_type": "image-file", "sha256": "d2f8a43b17fa7188582a557f45ea4660d0211d81014c0d1a0c3711b0b24dc36c", "size": 91692, "path": "media/images/true_pred_pressure_18_d2f8a43b17fa7188582a.png", "format": "png", "width": 1080, "height": 864}, "epoch": 149, "_timestamp": 1678243899.2623382, "_runtime": 257.7955141067505, "_step": 19, "val_loss": 0.002683302853256464, "train_loss": 0.002100518438965082, "val_rel_error_pt": 6.784345209598541, "_wandb": {"runtime": 257}}