{"true_pred_pressure": {"_type": "image-file", "sha256": "4040956b6ed7d679f1ea817cb47cfd2fb14bbf9652213e270d225f4599746eca", "size": 91977, "path": "media/images/true_pred_pressure_18_4040956b6ed7d679f1ea.png", "format": "png", "width": 1080, "height": 864}, "epoch": 149, "_timestamp": 1678255664.8015401, "_runtime": 248.64294624328613, "_step": 19, "val_loss": 0.0024909658823162317, "train_loss": 0.0021689569111913443, "val_rel_error_pt": 6.556718796491623, "val_indiv_rel_error_pt": {"_type": "histogram", "values": [9, 38, 125, 174, 152, 99, 85, 56, 43, 30, 24, 21, 13, 9, 8, 8, 3, 4, 7, 4, 0, 5, 0, 0, 0, 0, 0, 0, 1, 1, 1, 2], "bins": [3.604337215423584, 4.105186462402344, 4.606035232543945, 5.106884479522705, 5.607733249664307, 6.108582496643066, 6.609431266784668, 7.110280513763428, 7.611129283905029, 8.111978530883789, 8.61282730102539, 9.113676071166992, 9.61452579498291, 10.115374565124512, 10.616223335266113, 11.117072105407715, 11.617921829223633, 12.118770599365234, 12.619619369506836, 13.120469093322754, 13.621317863464355, 14.122166633605957, 14.623015403747559, 15.123865127563477, 15.624713897705078, 16.12556266784668, 16.62641143798828, 17.127260208129883, 17.628108978271484, 18.12895965576172, 18.62980842590332, 19.130657196044922, 19.631505966186523]}, "_wandb": {"runtime": 248}}