{"true_pred_pressure": {"_type": "image-file", "sha256": "2eb287ea7e2c4b66bfd1997c5440383c548aebec84bae330f915fbe7ae95c182", "size": 93059, "path": "media/images/true_pred_pressure_18_2eb287ea7e2c4b66bfd1.png", "format": "png", "width": 1080, "height": 864}, "epoch": 149, "_timestamp": 1678251829.0507772, "_runtime": 958.1066241264343, "_step": 19, "val_loss": 0.0027250510174781084, "train_loss": 0.0019250427139922976, "val_rel_error_pt": 6.791800260543823, "_wandb": {"runtime": 957}}