{"true_pred_pressure": {"_type": "image-file", "sha256": "920676e661cc57098230dc8c0d9f9eba6140abde9ef8e16e69c86f9b0a6ddf50", "size": 158555, "path": "media/images/true_pred_pressure_18_920676e661cc57098230.png", "format": "png", "width": 1500, "height": 1200}, "epoch": 39, "_timestamp": 1678159198.2659562, "_runtime": 176.27010416984558, "_step": 19, "val_loss": 0.0033214071299880743, "train_loss": 0.010745932348072529, "val_rel_error_pt": 8.82841870188713, "_wandb": {"runtime": 175}}