{"true_pred_pressure": {"_type": "image-file", "sha256": "745fc543491b0694778a84c756f31419cd69d7cb797b0d1b91cdac2d7c63452f", "size": 96430, "path": "media/images/true_pred_pressure_0_745fc543491b0694778a.png", "format": "png", "width": 1080, "height": 864}, "epoch": 14, "_timestamp": 1678242642.372917, "_runtime": 32.818527936935425, "_step": 1, "val_loss": 0.4937012791633606, "train_loss": 0.49943891167640686, "val_rel_error_pt": 93.25153231620789, "_wandb": {"runtime": 41}}