{"true_pred_pressure": {"_type": "image-file", "sha256": "d3c067ecbd1fd96964ddd0b8c9a31af69bd915437f6ab1e5dd2ef7a275a7329a", "size": 94329, "path": "media/images/true_pred_pressure_2_d3c067ecbd1fd96964dd.png", "format": "png", "width": 1080, "height": 864}, "epoch": 29, "_timestamp": 1678259810.6262898, "_runtime": 729.5048339366913, "_step": 3, "val_loss": 0.019029347226023674, "train_loss": 0.031551916152238846, "val_rel_error_pt": 18.30427348613739, "val_indiv_rel_error_pt": {"_type": "histogram", "values": [30, 117, 202, 181, 97, 60, 59, 34, 38, 30, 20, 14, 7, 5, 7, 0, 3, 4, 3, 1, 1, 3, 1, 1, 1, 0, 1, 1, 0, 0, 0, 1], "bins": [12.01502513885498, 13.329181671142578, 14.643338203430176, 15.957494735717773, 17.271652221679688, 18.58580780029297, 19.899965286254883, 21.214122772216797, 22.528278350830078, 23.842435836791992, 25.156591415405273, 26.470748901367188, 27.78490447998047, 29.099061965942383, 30.413219451904297, 31.727375030517578, 33.04153060913086, 34.355690002441406, 35.66984558105469, 36.98400115966797, 38.298160552978516, 39.6123161315918, 40.92647171020508, 42.24062728881836, 43.554786682128906, 44.86894226074219, 46.18309783935547, 47.497257232666016, 48.8114128112793, 50.12556838989258, 51.43972396850586, 52.753883361816406, 54.06803894042969]}, "_wandb": {"runtime": 1256}}