{"true_pred_pressure": {"_type": "image-file", "sha256": "94ef89bb721402269ec793239b9947c2aacd7b1ee896fdee1f0ab3f10ce6392a", "size": 93092, "path": "media/images/true_pred_pressure_18_94ef89bb721402269ec7.png", "format": "png", "width": 1080, "height": 864}, "epoch": 149, "_timestamp": 1678244650.687547, "_runtime": 258.16978907585144, "_step": 19, "val_loss": 0.002398204291239381, "train_loss": 0.0019332447554916143, "val_rel_error_pt": 6.396696716547012, "_wandb": {"runtime": 255}}