{"true_pred_pressure": {"_type": "image-file", "sha256": "e00cb1e8cb1103f352a51d9a3e1dd77d394e95ace8ed08f39078c2fe28593bc7", "size": 92406, "path": "media/images/true_pred_pressure_18_e00cb1e8cb1103f352a5.png", "format": "png", "width": 1080, "height": 864}, "epoch": 149, "_timestamp": 1678257178.030815, "_runtime": 956.0162489414215, "_step": 19, "val_loss": 0.0024341712705790997, "train_loss": 0.0024609784595668316, "val_rel_error_pt": 6.3918232917785645, "val_indiv_rel_error_pt": {"_type": "histogram", "values": [31, 88, 146, 172, 139, 106, 67, 35, 36, 26, 13, 19, 7, 4, 6, 6, 5, 2, 3, 3, 0, 0, 2, 0, 0, 1, 1, 0, 1, 1, 1, 1], "bins": [3.010927200317383, 3.673539876937866, 4.33615255355835, 4.998764991760254, 5.661377906799316, 6.323990821838379, 6.986603260040283, 7.6492156982421875, 8.31182861328125, 8.974441528320312, 9.637054443359375, 10.299666404724121, 10.962279319763184, 11.624892234802246, 12.287504196166992, 12.950117111206055, 13.612730026245117, 14.27534294128418, 14.937955856323242, 15.600567817687988, 16.263179779052734, 16.925792694091797, 17.58840560913086, 18.251018524169922, 18.913631439208984, 19.576244354248047, 20.23885726928711, 20.901470184326172, 21.564083099365234, 22.226694107055664, 22.889307022094727, 23.55191993713379, 24.21453285217285]}, "_wandb": {"runtime": 955}}