{"true_pred_pressure": {"_type": "image-file", "sha256": "d2c3902be76de3f88f9f36b38e7799c5c06b150bde2670564a5fb6679374ff53", "size": 91589, "path": "media/images/true_pred_pressure_18_d2c3902be76de3f88f9f.png", "format": "png", "width": 1080, "height": 864}, "epoch": 149, "_timestamp": 1678256211.665983, "_runtime": 265.8501000404358, "_step": 19, "val_loss": 0.0025096244644373655, "train_loss": 0.002202690113335848, "val_rel_error_pt": 6.541331112384796, "val_indiv_rel_error_pt": {"_type": "histogram", "values": [70, 153, 152, 176, 112, 76, 54, 38, 26, 21, 13, 10, 5, 1, 2, 4, 1, 0, 1, 1, 3, 0, 0, 0, 0, 0, 0, 1, 0, 0, 1, 1], "bins": [3.5738303661346436, 4.281915664672852, 4.9900007247924805, 5.698086261749268, 6.4061713218688965, 7.114256858825684, 7.8223419189453125, 8.530426979064941, 9.238512992858887, 9.946598052978516, 10.654683113098145, 11.362768173217773, 12.070853233337402, 12.778939247131348, 13.487024307250977, 14.195109367370605, 14.903194427490234, 15.61128044128418, 16.319364547729492, 17.027450561523438, 17.735536575317383, 18.443620681762695, 19.15170669555664, 19.859790802001953, 20.5678768157959, 21.275962829589844, 21.984046936035156, 22.6921329498291, 23.400218963623047, 24.10830307006836, 24.816389083862305, 25.524473190307617, 26.232559204101562]}, "_wandb": {"runtime": 265}}