{"true_pred_pressure": {"_type": "image-file", "sha256": "e6382ca9651075f30d12f0d4b44204a462a732610a22c22b00402fb3d2218338", "size": 97986, "path": "media/images/true_pred_pressure_2_e6382ca9651075f30d12.png", "format": "png", "width": 1080, "height": 864}, "epoch": 29, "_timestamp": 1678250813.682275, "_runtime": 60.37645101547241, "_step": 3, "val_loss": 0.307537704706192, "train_loss": 0.31950879096984863, "val_rel_error_pt": 73.83230924606323, "_wandb": {"runtime": 73}}