{"true_pred_pressure": {"_type": "image-file", "sha256": "3e5e61bc4a62513066d7e0edaac32b5320a77812fb82f3dc20413be01571f51c", "size": 92835, "path": "media/images/true_pred_pressure_18_3e5e61bc4a62513066d7.png", "format": "png", "width": 1080, "height": 864}, "epoch": 149, "_timestamp": 1678259070.809031, "_runtime": 944.1510078907013, "_step": 19, "val_loss": 0.0021464559249579906, "train_loss": 0.0022192345932126045, "val_rel_error_pt": 5.981773883104324, "val_indiv_rel_error_pt": {"_type": "histogram", "values": [37, 118, 185, 152, 120, 83, 58, 34, 32, 15, 12, 17, 15, 9, 4, 3, 3, 3, 5, 3, 0, 3, 2, 4, 2, 0, 0, 1, 1, 0, 0, 1], "bins": [3.0493433475494385, 3.6431820392608643, 4.237020492553711, 4.830859184265137, 5.4246978759765625, 6.018536567687988, 6.612375259399414, 7.20621395111084, 7.800052165985107, 8.393891334533691, 8.987730026245117, 9.581567764282227, 10.175406455993652, 10.769245147705078, 11.363083839416504, 11.95692253112793, 12.550761222839355, 13.144599914550781, 13.738438606262207, 14.332277297973633, 14.926115989685059, 15.519954681396484, 16.113792419433594, 16.707632064819336, 17.301469802856445, 17.895309448242188, 18.489147186279297, 19.08298683166504, 19.67682456970215, 20.27066421508789, 20.864501953125, 21.458341598510742, 22.05217933654785]}, "_wandb": {"runtime": 943}}